availability,brand,color,description,name,price,sku
InStock,H&M,White,"Regular-fit T-shirt in soft cotton jersey with a round, rib-trimmed neckline and a straight hem.",Regular Fit Round-neck T-shirt,399.0,0685816001
InStock,H&M,Black,"Slim-fit polo shirt in soft cotton jersey with a collar, button placket and short sleeves.",Slim Fit Polo shirt,799.0,0956343001
InStock,H&M,White,"Oversized T-shirt in soft cotton jersey with a round, rib-trimmed neckline, dropped shoulders and a straight hem.",Oversized Fit Cotton T-shirt,799.0,1074658002
InStock,H&M,Black/Wednesday,"Oversized T-shirt in soft cotton jersey with a print motif. Rib-trimmed neckline, dropped shoulders and a straight-cut hem.",Oversized Fit T-shirt,1499.0,1159823020
InStock,H&M,White,Slim-fit T-shirt in soft pima cotton jersey. Round neckline with a finely-ribbed trim and a straight-cut hem.,Slim Fit Pima cotton T-shirt,1499.0,1101074001
InStock,H&M,Black,"Oversized T-shirt in heavy cotton jersey with a round, rib-trimmed neckline, dropped shoulders and a straight-cut hem.",Oversized Fit Cotton T-shirt,1299.0,1035207008
InStock,H&M,Beige,"T-shirt in soft cotton jersey with sleeves in contrasting colours. Relaxed fit with a round, rib-trimmed neckline, dropped shoulders, an open chest pocket and a straight-cut hem.",Relaxed Fit Pocket-detail T-shirt,1299.0,1164752002
InStock,H&M,Black,"Relaxed-fit, straight-cut T-shirt in soft cotton jersey with a round, rib-trimmed neckline and dropped shoulders.",Relaxed Fit T-shirt,699.0,1003662002
InStock,H&M,Light pink,Relaxed-fit T-shirt in heavy cotton jersey with a round neckline.,Relaxed Fit T-shirt,799.0,0608945093
InStock,H&M,White/Anywhere,"Regular-fit T-shirt in soft cotton jersey with a print motif, round, rib-trimmed neckline and a straight-cut hem.",Regular Fit Printed T-shirt,699.0,0684021202
InStock,H&M,Peach pink,"Regular-fit T-shirt in soft cotton jersey with a round, rib-trimmed neckline and a straight hem.",Regular Fit Round-neck T-shirt,399.0,0685816195
InStock,H&M,Black,Regular-fit top in soft cotton jersey with a round neckline and long sleeves.,Regular Fit Jersey top,799.0,1029317001
InStock,H&M,Black/Pizza slice,"T-shirt in soft cotton jersey with a print motif on the front. Relaxed fit with a round, rib-trimmed neckline and dropped shoulders.",Relaxed Fit Printed T-shirt,1299.0,1034065056
InStock,H&M,Burgundy/Your Mind,"Loose-fit T-shirt in soft jersey with a print motif on the front and back. Rib-trimmed neckline and a straight-cut hem. The T-shirt incorporates COOLMAX® functional fabric, a unique, soft, comfortable and fast-drying polyester fibre that efficiently wicks moisture while regulating temperature.",COOLMAX® Loose Fit T-shirt,1499.0,1195471003
InStock,H&M,Black,Regular-fit vest tops in stretch cotton jersey.,2-pack Regular Fit vest tops,999.0,0649098003
InStock,H&M,Blue,"Regular-fit T-shirt in soft cotton jersey with a round, rib-trimmed neckline and a straight hem.",Regular Fit Round-neck T-shirt,399.0,0685816180
InStock,H&M,Dark khaki green,"Sports top in DryMove™ functional fabric that helps to wick away moisture from your skin, keeping you comfortably dry while you move. Round neckline, long raglan sleeves and a section in wind-blocking material at the front. Text motif on one sleeve and a reflective print on the back. Slightly longer at the back.",DryMove™ Long-sleeved sports top,2299.0,1168898002
InStock,H&M,Black,"Sports top in DryMove™ functional fabric that helps to wick away moisture from your skin, keeping you comfortably dry while you move. Round neckline, long raglan sleeves and a section in wind-blocking material at the front. Text motif on one sleeve and a reflective print on the back. Slightly longer at the back.",DryMove™ Long-sleeved sports top,2299.0,1168898001
InStock,H&M,Dark khaki green,"Sports top in DryMove™ functional fabric that helps to wick away moisture from your skin, keeping you comfortably dry while you move. Regular fit with a round neckline and short sleeves.",DryMove™ Sports top,799.0,1158136004
InStock,H&M,Dark grey,"Sports top in stretchy DryMove™ functional fabric that helps to wick away moisture from your skin, keeping you comfortably dry while you move. Tight fit with a small stand-up collar, long raglan sleeves and sections in a ribbed structure at the front and back. The top is designed with the minimum number of seams for a more comfortable fit and increased mobility.",DryMove™ Seamless Sports top,1999.0,1163454001
InStock,H&M,Red,"Sports top in DryMove™ functional fabric that helps to wick away moisture from your skin, keeping you comfortably dry while you move. Regular fit with a round neckline and short sleeves.",DryMove™ Sports top,799.0,1158136003
InStock,H&M,Black,"Long, round-necked T-shirt in slub cotton jersey in a relaxed fit with a wider neckline with raw roll edges. Open chest pocket, sleeves with sewn-in turn-ups, and a rounded hem at the front. Longer at the back.",Long T-shirt,1299.0,0793704001
InStock,H&M,Turquoise,"Regular-fit, V-neck T-shirt in soft cotton jersey.",Regular Fit V-neck T-shirt,499.0,0763275044
InStock,H&M,Light pink/Dark green,"Long, round-necked T-shirts in soft cotton jersey with ribbing around the neckline. Straight, relaxed fit with a curved hem.",2-pack Long Fit T-shirts,1399.0,0945202014
InStock,H&M,Dark blue,"Regular-fit sports top in fast-drying piqué designed to help keep you dry and cool while exercising. Collar, two-button placket at the top and short sleeves with embroidered eyelets in the armpits for added ventilation. Straight-cut hem with a slit in each side.",Regular Fit Piqué sports top,1499.0,1070399006
InStock,H&M,Dark grey,"Sports top in DryMove™ functional fabric that helps to wick away moisture from your skin, keeping you comfortably dry while you move. Regular fit with short raglan sleeves. The top is designed with the minimum number of seams for a more comfortable fit and increased mobility.",DryMove™ Seamless Sports top,1499.0,1064051005
InStock,H&M,White,"Sports top in DryMove™ functional fabric that helps to wick away moisture from your skin, keeping you comfortably dry while you move. Relaxed fit with a round neckline, dropped shoulders and short sleeves.",Sports top in DryMove™,1999.0,1119367005
InStock,H&M,Black,"Sports top in DryMove™ functional fabric that helps to wick away moisture from your skin, keeping you comfortably dry while you move. Muscle fit that showcases the body’s physique, a small stand-up collar and long raglan sleeves with a print motif on one sleeve. The top can also be worn as a base layer.",DryMove™ Sports top,1499.0,1138111001
InStock,H&M,Ivory,"Innovation Metaverse Story. Oversized, see-through top in stretch mesh with raw edges. The top is covered in transparent sequins made of recycled polyester from plastic bottles to add shine and texture. Deep, slightly V-shaped neckline, dropped shoulders and extra-long sleeves. Slightly forward-facing side seams and a straight-cut hem.",Oversized sequined top,4999.0,1100770001
InStock,H&M,Beige marl,Short-sleeved top in fast-drying functional fabric designed to help keep you dry and cool while exercising. Round neckline and a rounded hem. Longer at the back for a better fit and increased mobility.,Loose Fit Sports top,1499.0,0948855031
InStock,H&M,Dark grey marl,Short-sleeved top in fast-drying functional fabric designed to help keep you dry and cool while exercising. Round neckline and a rounded hem. Longer at the back for a better fit and increased mobility.,Loose Fit Sports top,1499.0,0948855001
InStock,H&M,Brown,"Sports vest top in DryMove™ functional fabric that helps to wick away moisture from your skin, keeping you comfortably dry while you move. Regular fit with a round neckline and laser-cut holes at the back for increased ventilation.",DryMove™ Sports vest top,1499.0,1152059002
InStock,H&M,Black/White,"Tennis T-shirt in stretchy DryMove™ functional fabric that helps to wick away moisture from your skin, keeping you comfortably dry while you move. Regular fit with a round, rib-trimmed neckline and short sleeves with a ribbed trim. Mesh panel at the back for maximum ventilation. Contrasting colour trims.",DryMove™ Tennis T-shirt,1499.0,1138088001
InStock,H&M,Black,Studio Collection. Oversized vest top in a soft hole knit in yarn containing some recycled polyester. Ribbing around the neckline and armholes.,Oversized hole-knit vest top,3599.0,1143383001
InStock,H&M,Dark blue,"Top in fast-drying functional fabric with good air permeability to wick away moisture and help keep you dry and cool while exercising. Round neckline with a narrow trim, front-facing shoulder seams and short sleeves.",Regular Fit Sports top,799.0,1090501002
InStock,H&M,Black,"Sports T-shirt in printed DryMove™ functional fabric that helps to wick away moisture from your skin, keeping you comfortably dry while you move. Relaxed fit with a ribbed trim around the neckline and dropped shoulders.",DryMove™ Printed sports T-shirt,1299.0,1158018005
InStock,H&M,Dark khaki green,"Sports top in DryMove™ functional fabric that helps to wick away moisture from your skin, keeping you comfortably dry while you move. Regular fit with a small stand-up collar, zip down the front and extra-long sleeves with a thumbhole at the cuffs. Reflective detail on the back.",DryMove™ Zip-through sports top,2299.0,1175023002
InStock,H&M,Turquoise/Beige/White,"Slim-fit, V-neck T-shirts in soft jersey.",3-pack Slim Fit V-neck T-shirts,1999.0,0542533054
InStock,H&M,Brick red/Patterned,"Running top in DryMove™ functional mesh fabric that helps to wick away moisture from your skin, keeping you comfortably dry while you move. Regular fit with a round neckline, short raglan sleeves and reflective print motifs on the front, sleeves and back.",DryMove™ Running top,1499.0,1154822003
InStock,H&M,Dark green/White,"Tennis T-shirt in stretchy DryMove™ functional fabric that helps to wick away moisture from your skin, keeping you comfortably dry while you move. Regular fit with a round, rib-trimmed neckline and short sleeves with a ribbed trim. Mesh panel at the back for maximum ventilation. Contrasting colour trims.",DryMove™ Tennis T-shirt,1499.0,1138088002
InStock,H&M,Light brown,"Short-sleeved sports top in DryMove™ functional fabric that helps to wick away moisture from your skin, keeping you comfortably dry while you move. Relaxed fit with a round neckline and dropped shoulders.",DryMove™ Sports top,1299.0,1145203002
InStock,H&M,Pigeon blue,Short-sleeved top in fast-drying functional fabric designed to help keep you dry and cool while exercising. Round neckline and a rounded hem. Longer at the back for a better fit and increased mobility.,Loose Fit Sports top,1499.0,0948855046
InStock,H&M,Yellow,"Short-sleeved sports top in DryMove™ functional fabric that helps to wick away moisture from your skin, keeping you comfortably dry while you move. Regular fit with a round neckline and a straight-cut hem.",DryMove™ Sports top,1299.0,1144673003
InStock,H&M,Pistachio green,"Long, round-necked T-shirt in soft jersey with a curved hem.",T-shirt Long Fit,699.0,0598755089
InStock,H&M,Dark green,Regular-fit T-shirt in jersey. Round neckline with a narrow trim.,Regular Fit T-shirt,999.0,1050748006
InStock,H&M,Navy blue,"Sports top in DryMove™ functional fabric that helps to wick away moisture from your skin, keeping you comfortably dry while you move. Regular fit with a round neckline and short sleeves.",DryMove™ Sports top,799.0,1158136007
InStock,H&M,White,"Sports T-shirt in printed DryMove™ functional fabric that helps to wick away moisture from your skin, keeping you comfortably dry while you move. Relaxed fit with a ribbed trim around the neckline and dropped shoulders.",DryMove™ Printed sports T-shirt,1299.0,1158018006
InStock,H&M,Sage green striped,"Short-sleeved polo shirt in a cotton weave. Relaxed fit with a ribbed collar, button placket, dropped shoulders and a straight-cut hem with a slit at each side.",Relaxed Fit Polo shirt,1499.0,1162387005
InStock,H&M,Blue,"Short-sleeved sports top in DryMove™ functional fabric that helps to wick away moisture from your skin, keeping you comfortably dry while you move. Relaxed fit with a round neckline and dropped shoulders.",DryMove™ Sports top,1299.0,1145203001
InStock,H&M,Grey,"Sports top in DryMove™ functional fabric that helps to wick away moisture from your skin, keeping you comfortably dry while you move. Regular fit with a round neckline and short sleeves.",DryMove™ Sports top,799.0,1158136002
InStock,H&M,Light brown,"Sports vest top in DryMove™ functional fabric that helps to wick away moisture from your skin, keeping you comfortably dry while you move. Relaxed fit with a round neckline and slightly deeper armholes.",DryMove™ Sports vest top,999.0,1145208006
InStock,H&M,Black,"Top in fast-drying functional fabric with good air permeability to wick away moisture and help keep you dry and cool while exercising. Round neckline with a narrow trim, front-facing shoulder seams and short sleeves.",Regular Fit Sports top,799.0,1090501001
InStock,H&M,White,"Long-sleeved top in soft jersey with a round neckline. Made using THERMOLITE® technology, this product has been developed to keep you warm with minimum bulk and weight.",THERMOLITE® Regular Fit Jersey top,1299.0,1024743002
InStock,H&M,Bright green,Short-sleeved top in fast-drying functional fabric designed to help keep you dry and cool while exercising. Round neckline and a rounded hem. Longer at the back for a better fit and increased mobility.,Loose Fit Sports top,1499.0,0948855050
InStock,H&M,Blue,"Long, round-necked T-shirt in soft jersey with a curved hem.",T-shirt Long Fit,699.0,0598755088
InStock,H&M,White/Grey/Black,Slim-fit tops in soft jersey made from a cotton blend with a round neckline and long sleeves.,3-pack Slim Fit jersey tops,2299.0,0578626028
InStock,H&M,Dark green,"Tennis shirt in stretchy DryMove™ functional fabric that helps to wick away moisture from your skin, keeping you comfortably dry while you move. Regular fit with a collar, zip at the top, short sleeves and a ventilation hole under the arms. Straight-cut hem with a slit at each side.",DryMove™ Tennis shirt,1999.0,1138069003
InStock,H&M,Light beige,Regular-fit T-shirt in jersey. Round neckline with a narrow trim.,Regular Fit T-shirt,999.0,1050748007
InStock,H&M,Black,Regular-fit T-shirt in jersey. Round neckline with a narrow trim.,Regular Fit T-shirt,999.0,1050748001
InStock,H&M,White,"Regular-fit T-shirts in soft cotton jersey with a round, rib-trimmed neckline and a straight hem.",10-pack Regular Fit Round-neck T-shirts,4999.0,0975620021
InStock,H&M,Light blue/Jaws,"Relaxed-fit T-shirt in soft cotton jersey with a print motif. Round, rib-trimmed neckline, dropped shoulders and a straight-cut hem.",Relaxed Fit Printed T-shirt,1499.0,1059431021
InStock,H&M,Light beige,"Slim-fit polo shirt in soft cotton jersey with a collar, button placket and short sleeves.",Slim Fit Polo shirt,799.0,0956343012
InStock,H&M,Black/Empower,"Sports top in DryMove™ functional fabric that helps to wick away moisture from your skin, keeping you comfortably dry while you move. Relaxed fit with a round neckline, dropped shoulders and short sleeves.",Sports top in DryMove™,1999.0,1119367002
InStock,H&M,Black,"Short-sleeved sports top in DryMove™ functional fabric that helps to wick away moisture from your skin, keeping you comfortably dry while you move. Relaxed fit with a round neckline and dropped shoulders.",DryMove™ Sports top,1299.0,1145203007
InStock,H&M,White/Looney Tunes,T-shirt in soft cotton jersey with a round neckline and a print motif on the front.,Regular Fit T-shirt,799.0,0973277040
InStock,H&M,Brown,Short-sleeved top in fast-drying functional fabric designed to help keep you dry and cool while exercising. Round neckline and a rounded hem. Longer at the back for a better fit and increased mobility.,Loose Fit Sports top,1499.0,0948855051
InStock,H&M,Light blue,"Regular-fit T-shirt in soft jersey with a round, rib-trimmed neckline and a straight-cut hem. The T-shirt incorporates COOLMAX® functional fabric, a unique, soft, comfortable and fast-drying polyester fibre that efficiently wicks moisture while regulating temperature.",COOLMAX® Regular Fit T-shirt,999.0,0967153017
InStock,H&M,Grey/Develop,"Sports top in DryMove™ functional fabric that helps to wick away moisture from your skin, keeping you comfortably dry while you move. Regular fit with a round neckline, short sleeves and a print motif.",DryMove™ Sports top,1299.0,1168448003
InStock,H&M,Dark grey marl,"Short-sleeved sports top in DryMove™ functional fabric that helps to wick away moisture from your skin, keeping you comfortably dry while you move. Muscle fit with narrow shoulders and tapered sleeves to create a flattering silhouette.",Sports top in DryMove™,1299.0,0653275031
InStock,H&M,White/Dark green,"Tennis T-shirt in stretchy DryMove™ functional fabric that helps to wick away moisture from your skin, keeping you comfortably dry while you move. Regular fit with a round, rib-trimmed neckline and short sleeves with a ribbed trim. Mesh panel at the back for maximum ventilation. Contrasting colour trims.",DryMove™ Tennis T-shirt,1499.0,1138088004
InStock,H&M,Dark grey/Black,"Sports top in DryMove™ functional fabric that helps to wick away moisture from your skin, keeping you comfortably dry while you move. Round neckline, long sleeves and anti-chafe flatlock seams. Muscle fit with narrow shoulders and tapered sleeves to create a flattering silhouette.",DryMove™ Sports top,1999.0,1177441002
InStock,H&M,Light blue/Light purple,Slim-fit T-shirts in soft cotton jersey with a round neckline.,5-pack Slim Fit T-shirts,2999.0,0624684024
InStock,H&M,White,"Regular-fit sports top in fast-drying piqué designed to help keep you dry and cool while exercising. Collar, two-button placket at the top and short sleeves with embroidered eyelets in the armpits for added ventilation. Straight-cut hem with a slit in each side.",Regular Fit Piqué sports top,1499.0,1070399011
InStock,H&M,Black,"Relaxed-fit T-shirt in soft cotton jersey with a round, rib-trimmed neckline, a silicone appliqué and a straight-cut hem. Nylon bellows pocket on the chest with a flap and concealed press-stud.",Relaxed Fit Pocket-detail T-shirt,1499.0,1165581001
InStock,H&M,Beige,"Slim-fit, round-necked T-shirt in soft jersey.",Slim Fit Round-necked T-shirt,699.0,0570002156
InStock,H&M,White,"Short-sleeved sports top in DryMove™ functional fabric that helps to wick away moisture from your skin, keeping you comfortably dry while you move. Relaxed fit with a round neckline and dropped shoulders.",DryMove™ Sports top,1299.0,1145203005
InStock,H&M,Light purple,"Relaxed-fit, straight-cut T-shirt in soft cotton jersey with a round, rib-trimmed neckline and dropped shoulders.",Relaxed Fit T-shirt,699.0,1003662032
InStock,H&M,Sage green,"Short-sleeved sports top in DryMove™ functional fabric that helps to wick away moisture from your skin, keeping you comfortably dry while you move. Relaxed fit with a round neckline and dropped shoulders.",DryMove™ Sports top,1299.0,1145203008
InStock,H&M,Black,"Regular-fit T-shirt in a soft, rib-knit cotton blend with a round neckline and a straight hem.",Regular Fit Rib-knit T-shirt,1999.0,1136716001
InStock,H&M,White/To Develop,"Sports top in DryMove™ functional fabric that helps to wick away moisture from your skin, keeping you comfortably dry while you move. Regular fit with a round neckline, short sleeves and a print motif.",DryMove™ Sports top,1299.0,1168448002
InStock,H&M,White,Regular-fit T-shirt in jersey. Round neckline with a narrow trim.,Regular Fit T-shirt,999.0,1050748002
InStock,H&M,Black,"Tennis shirt in stretchy DryMove™ functional fabric that helps to wick away moisture from your skin, keeping you comfortably dry while you move. Regular fit with a collar, zip at the top, short sleeves and a ventilation hole under the arms. Straight-cut hem with a slit at each side.",DryMove™ Tennis shirt,1999.0,1138069002
InStock,H&M,Black,"Polo shirt in soft, fine-knit cotton. Regular fit with a ribbed collar and a V-shaped opening at the front. Gently dropped shoulders, long sleeves and ribbing around the cuffs and hem.",Regular Fit Cotton polo shirt,2699.0,1195407002
InStock,H&M,Beige,Short-sleeved top in fast-drying functional fabric designed to help keep you dry and cool while exercising. Round neckline and a rounded hem. Longer at the back for a better fit and increased mobility.,Loose Fit Sports top,1499.0,0948855044
InStock,H&M,Black,"Sports top in DryMove™ functional fabric that helps to wick away moisture from your skin, keeping you comfortably dry while you move. Round neckline, long sleeves and anti-chafe flatlock seams. Muscle fit with narrow shoulders and tapered sleeves to create a flattering silhouette.",DryMove™ Sports top,1999.0,1177441001
InStock,H&M,Bright blue,"Loose-fit T-shirt in soft cotton jersey with a round, rib-trimmed neckline and a straight-cut hem.",Loose Fit T-shirt,699.0,1195983002
InStock,H&M,Black,"Sports top in DryMove™ functional fabric that helps to wick away moisture from your skin, keeping you comfortably dry while you move. Regular fit with a stand-up collar, zip at the top, long sleeves and elasticated smocking at the cuffs and hem. Zipped kangaroo pocket at the front with an inner mobile phone compartment. Four-way stretch for maximum comfort and added mobility. Unlined.",DryMove™ Zip-top sports top,2999.0,1132496001
InStock,H&M,Dark turquoise/Coral,"Sports top in DryMove™ functional fabric that helps to wick away moisture from your skin, keeping you comfortably dry while you move. Regular fit with a round neckline and short raglan sleeves. Sections in a contrasting colour and fabric.",DryMove™ Sports top,1499.0,1177449007
InStock,H&M,Dark khaki green,"Running top in DryMove™ functional fabric that helps to wick away moisture from your skin, keeping you comfortably dry while you move. Regular fit with extra-long, raglan sleeves, reflective details at the back and cuffs, and a slit in each side of the hem. Slightly longer at the back.",Running top in DryMove™,1499.0,1025397012
InStock,H&M,White,"Tennis shirt in stretchy DryMove™ functional fabric that helps to wick away moisture from your skin, keeping you comfortably dry while you move. Regular fit with a collar, zip at the top, short sleeves and a ventilation hole under the arms. Straight-cut hem with a slit at each side.",DryMove™ Tennis shirt,1999.0,1138069001
InStock,H&M,Grey/Block-coloured,"Sports top in DryMove™ functional fabric that helps to wick away moisture from your skin, keeping you comfortably dry while you move. Regular fit with a round neckline and short raglan sleeves. Sections in a contrasting colour and fabric.",DryMove™ Sports top,1499.0,1177449003
InStock,H&M,Green,"Slim-fit, V-neck T-shirt in soft cotton jersey.",Slim Fit V-neck T-shirt,699.0,0570003115
InStock,H&M,Dark turquoise marl,Short-sleeved top in fast-drying functional fabric designed to help keep you dry and cool while exercising. Round neckline and a rounded hem. Longer at the back for a better fit and increased mobility.,Loose Fit Sports top,1499.0,0948855048
InStock,H&M,Light brown,"Running top in DryMove™ functional fabric that helps to wick away moisture from your skin, keeping you comfortably dry while you move. Regular fit with extra-long, raglan sleeves, reflective details at the back and cuffs, and a slit in each side of the hem. Slightly longer at the back.",Running top in DryMove™,1499.0,1025397011
InStock,H&M,Coral,"Short-sleeved sports top in DryMove™ functional fabric that helps to wick away moisture from your skin, keeping you comfortably dry while you move. Relaxed fit with a round neckline and dropped shoulders.",DryMove™ Sports top,1299.0,1145203006
InStock,H&M,White,Slim-fit T-shirts in soft jersey with a round neckline.,3-pack Slim Fit T-shirts,1999.0,0578630002
InStock,H&M,Black,"Sports top in DryMove™ functional fabric that helps to wick away moisture from your skin, keeping you comfortably dry while you move. Regular fit with a small stand-up collar, zip down the front and extra-long sleeves with a thumbhole at the cuffs. Reflective detail on the back.",DryMove™ Zip-through sports top,2299.0,1175023001
InStock,H&M,Black,"Regular-fit T-shirts in soft cotton jersey with a round, rib-trimmed neckline and a straight hem.",10-pack Regular Fit Round-neck T-shirts,4999.0,0975620020
InStock,H&M,Light green,"Sports vest top in DryMove™ functional fabric that helps to wick away moisture from your skin, keeping you comfortably dry while you move. Muscle fit to create a flattering silhouette. Round neckline, laser-cut edges around the armholes and anti-chafe flatlock seams. Laser-cut holes at the back and a print motif on the chest.",DryMove™ Sports vest top,1499.0,1183727002
InStock,H&M,Black/White,Short-sleeved sports tops in fast-drying functional fabric with good air permeability to wick away moisture.,2-pack sports tops,1499.0,0816111031
InStock,H&M,Turquoise,Regular-fit T-shirt in soft pima cotton jersey. Round neckline with a finely-ribbed trim and a straight-cut hem.,Regular Fit Pima cotton T-shirt,1499.0,1101075015
InStock,H&M,White/Palm trees,"T-shirt in soft cotton jersey with an all-over print. Regular fit with a round, rib-trimmed neckline and straight-cut hem.",Regular Fit Cotton T-shirt,1299.0,1064816006
InStock,H&M,White,"Slim-fit, V-neck T-shirts in soft jersey.",3-pack Slim Fit V-neck T-shirts,1999.0,0542533001
InStock,H&M,Khaki green,Vest top in ribbed jersey made from a cotton blend.,Ribbed vest top,599.0,0881698017
InStock,H&M,Blue/N.Y. Neighbours,"Relaxed-fit T-shirt in soft cotton jersey with a print motif, round, rib-trimmed neckline, dropped shoulders and a straight-cut hem.",Relaxed Fit Printed T-shirt,799.0,1032522051
InStock,H&M,Dark yellow,"Oversized T-shirt in soft cotton jersey with a round, rib-trimmed neckline, dropped shoulders and a straight hem.",Oversized Fit Cotton T-shirt,799.0,1074658017
InStock,H&M,Black,"Sports T-shirt in DryMove™ functional fabric that helps to wick away moisture from your skin, keeping you comfortably dry while you move. Raglan sleeves and anti-chafe flatlock seams for added comfort and increased mobility. Slightly longer at the back. Muscle fit with narrow shoulders and tapered sleeves to create a flattering silhouette.",DryMove™ Sports T-shirt,1499.0,1168526001
InStock,H&M,Yellow/Striped,"T-shirt in jersey made from a linen and cotton blend. Regular fit with a round, rib-trimmed neckline and a straight-cut hem.",Regular Fit Linen-blend T-shirt,1499.0,1167996002
InStock,H&M,Dark green,"Sports top in DryMove™ functional fabric that helps to wick away moisture from your skin, keeping you comfortably dry while you move. Relaxed fit with a round neckline, dropped shoulders and short sleeves.",Sports top in DryMove™,1999.0,1119367006
InStock,H&M,White,"Slim-fit, V-neck T-shirts in cotton jersey.",5-pack Slim Fit T-shirts,2699.0,0945059020
InStock,H&M,White/Grey marl,"Pyjamas with a slim-fit vest top and pair of regular-fit shorts in soft jersey. The shorts have an elasticated waist, a fake fly and side pockets.",Pyjama vest top and shorts,1499.0,1185543001
InStock,H&M,Sage green,Regular-fit sports top in fast-drying fabric designed to help keep you dry and cool while exercising. Stand-up collar and zip with a chin guard at the top. Long sleeves in a raglan cut to minimise chafing.,Long-sleeved sports top,1999.0,1088499007
InStock,H&M,Dark khaki green,"Sports top in DryMove™ functional fabric that helps to wick away moisture from your skin, keeping you comfortably dry while you move. Regular fit with a stand-up collar, zip at the top and long sleeves. Reflective details on the front and back.",DryMove™ Zip-top sports top,1999.0,1163612005
InStock,H&M,Dark red,"Polo shirt in a soft, fine-knit linen blend. Regular fit with a rib-knit collar and V-shaped opening at the top.",Regular Fit Linen-blend polo shirt,2299.0,1067136006
InStock,H&M,Black,"Regular-fit sports top in fast-drying piqué designed to help keep you dry and cool while exercising. Collar, two-button placket at the top and short sleeves with embroidered eyelets in the armpits for added ventilation. Straight-cut hem with a slit in each side.",Regular Fit Piqué sports top,1499.0,1070399001
InStock,H&M,Grey/Patterned,"Running vest top in DryMove™ functional fabric that helps to wick away moisture from your skin, keeping you comfortably dry while you move. Regular fit with a round neckline and a gently rounded hem at the back.",DryMove™ Running vest top,799.0,1082103012
InStock,H&M,Burgundy marl,"Short-sleeved sports top in DryMove™ functional fabric that helps to wick away moisture from your skin, keeping you comfortably dry while you move. Muscle fit with narrow shoulders and tapered sleeves to create a flattering silhouette.",Sports top in DryMove™,1299.0,0653275078
InStock,H&M,Dark khaki green,"Running top in DryMove™ functional fabric that helps to wick away moisture from your skin, keeping you comfortably dry while you move. Regular fit with a round neckline, short sleeves in a raglan cut to minimise chafing, and a slit at each side of the hem. Reflective details on the sleeves and back.",DryMove™ Running top,1299.0,1025399041
InStock,H&M,Blue,Regular-fit sports top in fast-drying fabric designed to help keep you dry and cool while exercising. Stand-up collar and zip with a chin guard at the top. Long sleeves in a raglan cut to minimise chafing.,Long-sleeved sports top,1999.0,1088499008
InStock,H&M,Red,"Tennis shirt in stretchy DryMove™ functional fabric that helps to wick away moisture from your skin, keeping you comfortably dry while you move. Regular fit with a collar, zip at the top, short sleeves and a ventilation hole under the arms. Straight-cut hem with a slit at each side.",DryMove™ Tennis shirt,1999.0,1138069004
InStock,H&M,Black/Develop,"Sports top in DryMove™ functional fabric that helps to wick away moisture from your skin, keeping you comfortably dry while you move. Regular fit with a round neckline, short sleeves and a print motif.",DryMove™ Sports top,1299.0,1168448001
InStock,H&M,Dark green,"Regular-fit T-shirt in soft jersey with a round, rib-trimmed neckline and a straight-cut hem. The T-shirt incorporates COOLMAX® functional fabric, a unique, soft, comfortable and fast-drying polyester fibre that efficiently wicks moisture while regulating temperature.",COOLMAX® Regular Fit T-shirt,999.0,0967153019
InStock,H&M,Beige/Patterned,"Running top in DryMove™ functional mesh fabric that helps to wick away moisture from your skin, keeping you comfortably dry while you move. Regular fit with a round neckline, short raglan sleeves and reflective print motifs on the front, sleeves and back.",DryMove™ Running top,1499.0,1154822001
InStock,H&M,Black/Light grey,"Sports top in DryMove™ functional fabric that helps to wick away moisture from your skin, keeping you comfortably dry while you move. Regular fit with a round neckline and short raglan sleeves. Sections in a contrasting colour and fabric.",DryMove™ Sports top,1499.0,1177449008
InStock,H&M,Coral,"Sports vest top in DryMove™ functional fabric that helps to wick away moisture from your skin, keeping you comfortably dry while you move. Relaxed fit with a round neckline and slightly deeper armholes.",DryMove™ Sports vest top,999.0,1145208005
InStock,H&M,Light grey,Short-sleeved top in fast-drying functional fabric designed to help keep you dry and cool while exercising. Round neckline and a rounded hem. Longer at the back for a better fit and increased mobility.,Loose Fit Sports top,1499.0,0948855047
InStock,H&M,Light blue,"Relaxed-fit T-shirt in soft cotton jersey with a round, rib-trimmed neckline. Dropped shoulders, an open chest pocket and straight-cut hem.",Relaxed Fit pocket-detail T-shirt,799.0,1062372008
InStock,H&M,White/Santa Monica,"Sleeveless top in soft cotton. Relaxed fit with a round, rib-trimmed neckline, cut-off roll edges around the armholes, and a straight-cut hem.",Relaxed Fit Cotton sleeveless top,799.0,1063258004
InStock,H&M,Grey,"Sports vest top in DryMove™ functional fabric that helps to wick away moisture from your skin, keeping you comfortably dry while you move. Round neckline and a mesh section at the back for increased ventilation. Straight-cut hem with a small slit at each side. Muscle fit to create a flattering silhouette.",DryMove™ Sports vest top,1499.0,1168491002
InStock,H&M,Light blue/Tie-dye,"T-shirt in soft, patterned cotton jersey. Relaxed fit with a round, rib-trimmed neckline, dropped shoulders, a print motif on the chest and back, and a straight-cut hem.",Relaxed Fit Patterned cotton T-shirt,1299.0,1071167006
InStock,H&M,Coral,"Regular-fit sports top in fast-drying piqué designed to help keep you dry and cool while exercising. Collar, two-button placket at the top and short sleeves with embroidered eyelets in the armpits for added ventilation. Straight-cut hem with a slit in each side.",Regular Fit Piqué sports top,1499.0,1070399010
InStock,H&M,Beige,"Slim-fit polo shirt in soft cotton jersey with an all-over print. Ribbed collar, a button placket and short sleeves with ribbed trims.",Slim Fit Patterned polo shirt,999.0,1043183013
InStock,H&M,Light beige,"Regular-fit T-shirt in soft jersey with a round, rib-trimmed neckline and a straight-cut hem. The T-shirt incorporates COOLMAX® functional fabric, a unique, soft, comfortable and fast-drying polyester fibre that efficiently wicks moisture while regulating temperature.",COOLMAX® Regular Fit T-shirt,999.0,0967153013
InStock,H&M,Orange marl,"Short-sleeved sports top in DryMove™ functional fabric that helps to wick away moisture from your skin, keeping you comfortably dry while you move. Muscle fit with narrow shoulders and tapered sleeves to create a flattering silhouette.",Sports top in DryMove™,1299.0,0653275071
InStock,H&M,Dark grey,"Sports T-shirt in DryMove™ functional fabric that helps to wick away moisture from your skin, keeping you comfortably dry while you move. Raglan sleeves and anti-chafe flatlock seams for added comfort and increased mobility. Slightly longer at the back. Muscle fit with narrow shoulders and tapered sleeves to create a flattering silhouette.",DryMove™ Sports T-shirt,1499.0,1168526002
InStock,H&M,Black,"Sports T-shirt in DryMove™ functional fabric that helps to wick away moisture from your skin, keeping you comfortably dry while you move. Raglan sleeves, a text motif on the front and laser-cut holes at the back for increased ventilation. Laser-cut edges at the cuffs and hem. Muscle fit with narrow shoulders and tapered sleeves to create a flattering silhouette.",DryMove™ Printed sports T-shirt,1999.0,1193118001
InStock,H&M,Grey,"Sports top in DryMove™ functional fabric that helps to wick away moisture from your skin, keeping you comfortably dry while you move. Regular fit with a round neckline and long raglan sleeves. The top is designed with the minimum number of seams for a more comfortable fit and increased mobility.",DryMove™ Seamless Sports top,1999.0,1119371010
InStock,H&M,Red/Striped,"T-shirt in jersey made from a linen and cotton blend. Regular fit with a round, rib-trimmed neckline and a straight-cut hem.",Regular Fit Linen-blend T-shirt,1499.0,1167996001
InStock,H&M,Pale green,"Slim-fit, round-necked T-shirt in soft jersey.",Slim Fit Round-necked T-shirt,699.0,0570002158
InStock,H&M,Black,"Sports top in DryMove™ functional fabric that helps to wick away moisture from your skin, keeping you comfortably dry while you move. Regular fit with a stand-up collar, zip at the top and long sleeves. Reflective details on the front and back.",DryMove™ Zip-top sports top,1999.0,1163612001
InStock,H&M,Dark turquoise marl,"Short-sleeved sports top in DryMove™ functional fabric that helps to wick away moisture from your skin, keeping you comfortably dry while you move. Muscle fit with narrow shoulders and tapered sleeves to create a flattering silhouette.",Sports top in DryMove™,1299.0,0653275077
InStock,H&M,Black,"Long-sleeved top in soft jersey with a round neckline. Made using THERMOLITE® technology, this product has been developed to keep you warm with minimum bulk and weight.",THERMOLITE® Regular Fit Jersey top,1299.0,1024743001
InStock,H&M,Grey/Patterned,"Sports top in DryMove™ functional fabric that helps to wick away moisture from your skin, keeping you comfortably dry while you move. Regular fit with a round neckline and short raglan sleeves. Sections in a contrasting colour and fabric.",DryMove™ Sports top,1499.0,1177449005
InStock,H&M,Teal/Block-coloured,"Sports top in DryMove™ functional fabric that helps to wick away moisture from your skin, keeping you comfortably dry while you move. Regular fit with a round neckline and short raglan sleeves. Sections in a contrasting colour and fabric.",DryMove™ Sports top,1499.0,1177449002
InStock,H&M,Cream,"Slim-fit polo shirt in a fine-knit viscose and cotton blend with a collar, button placket and short sleeves. Ribbed trim around the cuffs and a straight hem with a slit at each side.",Slim Fit Fine-knit polo shirt,1999.0,1140721001
InStock,H&M,Light blue,"Regular-fit, V-neck T-shirt in soft cotton jersey.",Regular Fit V-neck T-shirt,499.0,0763275050
InStock,H&M,Black,"Sports top in DryMove™ functional fabric that helps to wick away moisture from your skin, keeping you comfortably dry while you move. Regular fit with a round neckline and short raglan sleeves. Sections in a contrasting colour and fabric.",DryMove™ Sports top,1499.0,1177449001
InStock,H&M,Dark turquoise,"Sports top in DryMove™ functional fabric that helps to wick away moisture from your skin, keeping you comfortably dry while you move. Regular fit with a round neckline and short sleeves.",DryMove™ Sports top,799.0,1158136005
InStock,H&M,Black,Vest top in ribbed jersey made from a cotton blend.,Ribbed vest top,599.0,0881698010
InStock,H&M,Cream/Palm trees,"Slim-fit polo shirt in soft cotton jersey with an all-over print. Ribbed collar, a button placket and short sleeves with ribbed trims.",Slim Fit Patterned polo shirt,999.0,1043183001
InStock,H&M,Steel blue,"T-shirt in soft slub cotton jersey with a slightly wider neckline, a seam centre back and raw, roll edges around the neckline and sleeves. Slightly longer and rounded at the back.",Roll-edge T-shirt,799.0,0793104023
InStock,H&M,Coral/Develop,"Running vest top in DryMove™ functional fabric that helps to wick away moisture from your skin, keeping you comfortably dry while you move. Regular fit with a round neckline and a gently rounded hem at the back.",DryMove™ Running vest top,799.0,1082103011
InStock,H&M,Dark turquoise,"Regular-fit sports top in fast-drying piqué designed to help keep you dry and cool while exercising. Collar, two-button placket at the top and short sleeves with embroidered eyelets in the armpits for added ventilation. Straight-cut hem with a slit in each side.",Regular Fit Piqué sports top,1499.0,1070399009
InStock,H&M,Green,"Sports top in DryMove™ functional fabric that helps to wick away moisture from your skin, keeping you comfortably dry while you move. Regular fit with a round neckline and short sleeves in a raglan cut to minimise chafing. The top is designed with the minimum number of seams for a more comfortable fit and increased mobility.",DryMove™ Seamless Sports top,1499.0,1133024007
InStock,H&M,Black,"Short-sleeved sports top in DryMove™ functional fabric that helps to wick away moisture from your skin, keeping you comfortably dry while you move. Muscle fit with narrow shoulders and tapered sleeves to create a flattering silhouette.",Sports top in DryMove™,1299.0,0653275005
InStock,H&M,Black,Short-sleeved top in fast-drying functional fabric designed to help keep you dry and cool while exercising. Round neckline and a rounded hem. Longer at the back for a better fit and increased mobility.,Loose Fit Sports top,1499.0,0948855004
InStock,H&M,Dark green/Beige,Slim-fit T-shirts in soft cotton jersey with a round neckline.,5-pack Slim Fit T-shirts,2999.0,0624684023
InStock,H&M,Turquoise,"Slim-fit, V-neck T-shirt in soft cotton jersey.",Slim Fit V-neck T-shirt,699.0,0570003117
InStock,H&M,Pink,"Relaxed-fit T-shirt in soft cotton jersey with a round, rib-trimmed neckline. Dropped shoulders, an open chest pocket and straight-cut hem.",Relaxed Fit pocket-detail T-shirt,799.0,1062372005
InStock,H&M,Blue,T-shirt in soft slub cotton jersey with a round neckline and open chest pocket.,Regular Fit T-shirt,799.0,0982659010
InStock,H&M,Dark grey marl,Short-sleeved top in fast-drying functional fabric designed to help keep you dry and cool while exercising. Round neckline and a rounded hem. Longer at the back for a better fit and increased mobility.,Loose Fit Sports top,1499.0,0948855037
InStock,H&M,White/L.A. Core,"Relaxed-fit T-shirt in soft cotton jersey with a print motif, round, rib-trimmed neckline, dropped shoulders and a straight-cut hem.",Relaxed Fit Printed T-shirt,799.0,0967955055
InStock,H&M,Light beige,Regular-fit T-shirt in soft pima cotton jersey. Round neckline with a finely-ribbed trim and a straight-cut hem.,Regular Fit Pima cotton T-shirt,1499.0,1101075014
InStock,H&M,White,T-shirt in soft slub cotton jersey with a round neckline and open chest pocket.,Regular Fit T-shirt,799.0,0982659001
InStock,H&M,Beige/Cream/Pink,"Slim-fit, V-neck T-shirts in soft jersey.",3-pack Slim Fit V-neck T-shirts,1999.0,0542533059
InStock,H&M,White,"Sports top in DryMove™ functional fabric that helps to wick away moisture from your skin, keeping you comfortably dry while you move. Regular fit with a round neckline and short sleeves.",DryMove™ Sports top,799.0,1158136006
InStock,H&M,Dark green,"Polo shirt in soft, fine-knit pima cotton. Regular fit with a collar, button placket and long sleeves. Fine ribbing at the cuffs and hem.",Regular Fit Polo shirt,2999.0,1121590001
InStock,H&M,White,"Sports vest top in DryMove™ functional fabric that helps to wick away moisture from your skin, keeping you comfortably dry while you move. Relaxed fit with a round neckline and slightly deeper armholes.",DryMove™ Sports vest top,999.0,1145208004
InStock,H&M,Black/White,"Regular-fit T-shirts in soft cotton jersey with a round, rib-trimmed neckline and a straight hem.",10-pack Regular Fit Round-neck T-shirts,4999.0,0975620002
InStock,H&M,Cream,"Polo shirt in soft, fine-knit pima cotton. Regular fit with a collar, button placket and long sleeves. Fine ribbing at the cuffs and hem.",Regular Fit Polo shirt,2999.0,1121590002
InStock,H&M,Dark khaki green marl,"Short-sleeved sports top in DryMove™ functional fabric that helps to wick away moisture from your skin, keeping you comfortably dry while you move. Muscle fit with narrow shoulders and tapered sleeves to create a flattering silhouette.",Sports top in DryMove™,1299.0,0653275035
InStock,H&M,White,"Slim-fit, round-necked T-shirt in soft jersey.",Slim Fit Round-necked T-shirt,699.0,0570002002
InStock,H&M,Black,"Regular-fit polo shirt in textured-knit cotton with a collar, button placket, short sleeves and a straight hem.",Regular Fit Polo shirt,2299.0,1148164003
InStock,H&M,Purple/Tie-dye,"T-shirt in soft, patterned cotton jersey. Relaxed fit with a round, rib-trimmed neckline, dropped shoulders, a print motif on the chest and back, and a straight-cut hem.",Relaxed Fit Patterned cotton T-shirt,1299.0,1071167007
InStock,H&M,Blue/Steel blue/White,"Slim-fit, V-neck T-shirts in soft jersey.",3-pack Slim Fit V-neck T-shirts,1999.0,0542533057
InStock,H&M,Blue/Light green/Light greige,"Slim-fit, V-neck T-shirts in soft jersey.",3-pack Slim Fit V-neck T-shirts,1999.0,0542533058
InStock,H&M,Purple/SpongeBob Squarepants,"Relaxed-fit T-shirt in soft cotton jersey with a print motif. Round, rib-trimmed neckline, dropped shoulders and a straight-cut hem.",Relaxed Fit Printed T-shirt,1499.0,1059431019
InStock,H&M,White/Flower,"Relaxed-fit T-shirt in soft cotton jersey with a round, rib-trimmed neckline, dropped shoulders, a straight-cut hem and an open chest pocket that has an embroidered text motif.",Relaxed Fit Embroidery-detail T-shirt,1299.0,1147164004
InStock,H&M,Black,T-shirt in soft slub cotton jersey with a round neckline and open chest pocket.,Regular Fit T-shirt,799.0,0982659002
InStock,H&M,Black,"Round-necked T-shirt in soft jersey made from COOLMAX® functional fabric, a unique, soft, comfortable and fast-drying polyester fibre that efficiently wicks moisture while regulating temperature. Relaxed fit with dropped shoulders.",COOLMAX® Relaxed Fit T-shirt,1299.0,0948441004
InStock,H&M,Black marl,"Short-sleeved sports top in DryMove™ functional fabric that helps to wick away moisture from your skin, keeping you comfortably dry while you move. Muscle fit with narrow shoulders and tapered sleeves to create a flattering silhouette.",Sports top in DryMove™,1299.0,0653275047
InStock,H&M,Black,Short-sleeved sports tops in fast-drying functional fabric with good air permeability to wick away moisture.,2-pack sports tops,1499.0,0816111030
InStock,H&M,Light grey marl,"Slim-fit polo shirt in soft cotton jersey with a collar, button placket and short sleeves.",Slim Fit Polo shirt,799.0,0956343040
InStock,H&M,Beige,"Oversized T-shirt in soft cotton jersey with a round, rib-trimmed neckline, dropped shoulders and a straight hem.",Oversized Fit Cotton T-shirt,799.0,1074658014
InStock,H&M,Black,"Slim-fit polo shirt in a fine-knit cotton and mulberry silk blend with a ribbed collar, button placket and short sleeves with ribbed trims.",Slim Fit Silk-blend polo shirt,2999.0,0936065001
InStock,H&M,White,"Slim-fit polo shirt in textured-knit cotton with a collar, short sleeves and a zip at the top. Fine rib-knit around the cuffs and hem.",Slim Fit Zip-top polo shirt,2299.0,1142559001
InStock,H&M,White/Strange sense,"T-shirt in soft cotton jersey with a print motif on the front. Relaxed fit with a round, rib-trimmed neckline and dropped shoulders.",Relaxed Fit Printed T-shirt,1299.0,1034065072
InStock,H&M,Light grey marl,"Short-sleeved sports top in DryMove™ functional fabric that helps to wick away moisture from your skin, keeping you comfortably dry while you move. Muscle fit with narrow shoulders and tapered sleeves to create a flattering silhouette.",Sports top in DryMove™,1299.0,0653275050
InStock,H&M,Dark blue marl,"Short-sleeved sports top in DryMove™ functional fabric that helps to wick away moisture from your skin, keeping you comfortably dry while you move. Muscle fit with narrow shoulders and tapered sleeves to create a flattering silhouette.",Sports top in DryMove™,1299.0,0653275007
InStock,H&M,Black,"Running top in DryMove™ functional fabric that helps to wick away moisture from your skin, keeping you comfortably dry while you move. Regular fit with extra-long, raglan sleeves, reflective details at the back and cuffs, and a slit in each side of the hem. Slightly longer at the back.",Running top in DryMove™,1499.0,1025397013
InStock,H&M,Orange,"Loose-fit T-shirt in soft cotton jersey with a round, rib-trimmed neckline and a straight-cut hem.",Loose Fit T-shirt,699.0,1195983003
InStock,H&M,Dark grey/Patterned,"Running top in DryMove™ functional fabric that helps to wick away moisture from your skin, keeping you comfortably dry while you move. Regular fit with extra-long, raglan sleeves, reflective details at the back and cuffs, and a slit in each side of the hem. Slightly longer at the back.",Running top in DryMove™,1499.0,1025397014
InStock,H&M,Cream/Detroit,"Oversized, boxy-style T-shirt in soft cotton jersey with a print motif, round, rib-trimmed neckline, dropped shoulders and a straight-cut hem.",Oversized Fit Printed T-shirt,1499.0,1153374003
InStock,H&M,Light blue,"Slim-fit polo shirt in a fine-knit viscose and cotton blend with a collar, button placket and short sleeves. Ribbed trim around the cuffs and a straight hem with a slit at each side.",Slim Fit Fine-knit polo shirt,1999.0,1140721003
InStock,H&M,Light turquoise,"Regular-fit, V-neck T-shirt in soft cotton jersey.",Regular Fit V-neck T-shirt,499.0,0763275055
InStock,H&M,Black,"Sports top in DryMove™ functional fabric that helps to wick away moisture from your skin, keeping you comfortably dry while you move. Regular fit with a round neckline and long raglan sleeves. The top is designed with the minimum number of seams for a more comfortable fit and increased mobility.",DryMove™ Seamless Sports top,1999.0,1119371001
InStock,H&M,Light grey marl,"Short-sleeved sports top in DryMove™ functional fabric that helps to wick away moisture from your skin, keeping you comfortably dry while you move. Muscle fit with narrow shoulders and tapered sleeves to create a flattering silhouette.",Sports top in DryMove™,1299.0,0653275082
InStock,H&M,White,Short-sleeved top in fast-drying functional fabric designed to help keep you dry and cool while exercising. Round neckline and a rounded hem. Longer at the back for a better fit and increased mobility.,Loose Fit Sports top,1499.0,0948855003
InStock,H&M,Dark blue,"Slim-fit, round-necked T-shirt in soft jersey.",Slim Fit Round-necked T-shirt,699.0,0570002166
InStock,H&M,Black,"Regular-fit T-shirt in soft cotton jersey with a round, rib-trimmed neckline and a straight-cut hem.",Regular Fit T-shirt,1299.0,1101909001
InStock,H&M,Green/Brolga,"Brolga x H&M. Loose-fit T-shirt in printed cotton jersey with a rib-trimmed neckline, dropped shoulders and a straight-cut hem.",Loose Fit Printed T-shirt,1499.0,1157854003
InStock,H&M,Light beige,"Round-necked T-shirt in soft jersey made from COOLMAX® functional fabric, a unique, soft, comfortable and fast-drying polyester fibre that efficiently wicks moisture while regulating temperature. Relaxed fit with dropped shoulders.",COOLMAX® Relaxed Fit T-shirt,1299.0,0948441020
InStock,H&M,Brown/Blue,"Long, round-necked T-shirts in soft cotton jersey with ribbing around the neckline. Straight, relaxed fit with a curved hem.",2-pack Long Fit T-shirts,1399.0,0945202013
InStock,H&M,Black,"Sports T-shirt in printed DryMove™ functional fabric that helps to wick away moisture from your skin, keeping you comfortably dry while you move. Relaxed fit with a ribbed trim around the neckline and dropped shoulders.",DryMove™ Printed sports T-shirt,1299.0,1158018009
InStock,H&M,White,"Running top in DryMove™ functional fabric that helps to wick away moisture from your skin, keeping you comfortably dry while you move. Regular fit with a round neckline, short sleeves in a raglan cut to minimise chafing, and a slit at each side of the hem. Reflective details on the sleeves and back.",DryMove™ Running top,1299.0,1025399003
InStock,H&M,Black,"Sports top in DryMove™ functional fabric that helps to wick away moisture from your skin, keeping you comfortably dry while you move. Regular fit with a round neckline and short sleeves.",DryMove™ Sports top,799.0,1158136001
InStock,H&M,White,"Round-necked T-shirt in soft jersey made from COOLMAX® functional fabric, a unique, soft, comfortable and fast-drying polyester fibre that efficiently wicks moisture while regulating temperature. Relaxed fit with dropped shoulders.",COOLMAX® Relaxed Fit T-shirt,1299.0,0948441003
InStock,H&M,Beige marl,T-shirt in soft slub cotton jersey with a round neckline and open chest pocket.,Regular Fit T-shirt,799.0,0982659009
InStock,H&M,Black,"Slim-fit, V-neck T-shirt in soft cotton jersey.",Slim Fit V-neck T-shirt,699.0,0570003001
InStock,H&M,Dark turquoise/Develop,"Running vest top in DryMove™ functional fabric that helps to wick away moisture from your skin, keeping you comfortably dry while you move. Regular fit with a round neckline and a gently rounded hem at the back.",DryMove™ Running vest top,799.0,1082103009
InStock,H&M,Khaki green marl,Short-sleeved top in fast-drying functional fabric designed to help keep you dry and cool while exercising. Round neckline and a rounded hem. Longer at the back for a better fit and increased mobility.,Loose Fit Sports top,1499.0,0948855042
InStock,H&M,Bright blue,"Oversized T-shirt in soft cotton jersey with a round, rib-trimmed neckline, dropped shoulders and a straight hem.",Oversized Fit Cotton T-shirt,799.0,1074658020
InStock,H&M,White/The Discovery Channel,"T-shirt in soft, printed cotton jersey. Relaxed fit with dropped shoulders and a round neckline with a narrow trim.",Relaxed Fit T-shirt,1299.0,0972640062
InStock,H&M,Light blue/Navy blue,"Regular-fit T-shirts in soft cotton jersey with a round, rib-trimmed neckline and a straight hem.",3-pack Regular Fit Round-neck T-shirts,1499.0,0945531030
InStock,H&M,Burgundy,"Sports top in DryMove™ functional fabric that helps to wick away moisture from your skin, keeping you comfortably dry while you move. Regular fit with a stand-up collar, zip at the top and long sleeves. Reflective details on the front and back.",DryMove™ Zip-top sports top,1999.0,1163612003
InStock,H&M,White/Light grey,"Sports top in DryMove™ functional fabric that helps to wick away moisture from your skin, keeping you comfortably dry while you move. Regular fit with a round neckline and short raglan sleeves. Sections in a contrasting colour and fabric.",DryMove™ Sports top,1499.0,1177449006
InStock,H&M,Green/Light purple/Beige,"Regular-fit T-shirts in soft cotton jersey with a round, rib-trimmed neckline and a straight hem.",10-pack Regular Fit Round-neck T-shirts,4999.0,0975620015
InStock,H&M,Black,Regular-fit T-shirt in soft pima cotton jersey. Round neckline with a finely-ribbed trim and a straight-cut hem.,Regular Fit Pima cotton T-shirt,1499.0,1101075002
InStock,H&M,Dark green,"Loose-fit T-shirt in soft cotton jersey with a round, rib-trimmed neckline and a straight-cut hem.",Loose Fit T-shirt,699.0,1195983001
InStock,H&M,Beige,"Regular-fit, V-neck T-shirt in soft cotton jersey.",Regular Fit V-neck T-shirt,499.0,0763275051
InStock,H&M,Black,"Polo shirts in cotton piqué with a ribbed collar and button placket. Short sleeves with ribbed trims, and a straight-cut hem with slits in the sides.",3-pack Regular Fit Polo shirts,2299.0,0961943017
InStock,H&M,White,Slim-fit T-shirts in soft cotton jersey with a round neckline.,5-pack Slim Fit T-shirts,2999.0,0624684001
InStock,H&M,Pink/SpongeBob,"Sleeveless vest top in printed cotton jersey with deep, raw-edge armholes and slits in the sides of the hem.",Printed vest top,999.0,0767109021
InStock,H&M,Black,"Sports T-shirt in printed DryMove™ functional fabric that helps to wick away moisture from your skin, keeping you comfortably dry while you move. Relaxed fit with a ribbed trim around the neckline and dropped shoulders.",DryMove™ Printed sports T-shirt,1299.0,1158018002
InStock,H&M,White,"Regular-fit, V-neck T-shirt in soft cotton jersey.",Regular Fit V-neck T-shirt,499.0,0763275001
InStock,H&M,Light beige,"Long, round-necked T-shirt in soft jersey with a curved hem.",T-shirt Long Fit,699.0,0598755087
InStock,H&M,White,Vest top in ribbed jersey made from a cotton blend.,Ribbed vest top,599.0,0881698011
InStock,H&M,Grey,"Sports top in DryMove™ functional fabric that helps to wick away moisture from your skin, keeping you comfortably dry while you move. Regular fit with a round neckline and short sleeves in a raglan cut to minimise chafing. The top is designed with the minimum number of seams for a more comfortable fit and increased mobility.",DryMove™ Seamless Sports top,1499.0,1133024006
InStock,H&M,Light grey,"Slim-fit, round-necked T-shirt in soft jersey.",Slim Fit Round-necked T-shirt,699.0,0570002159
InStock,H&M,Dark blue,"Regular-fit, V-neck T-shirt in soft cotton jersey.",Regular Fit V-neck T-shirt,499.0,0763275054
InStock,H&M,Black,"Sports top in DryMove™ functional fabric that helps to wick away moisture from your skin, keeping you comfortably dry while you move. Regular fit with a round neckline and short sleeves in a raglan cut to minimise chafing. The top is designed with the minimum number of seams for a more comfortable fit and increased mobility.",DryMove™ Seamless Sports top,1499.0,1133024008
InStock,H&M,Black,"Oversized T-shirt in soft cotton jersey with a rib-trimmed neckline, dropped shoulders and a straight-cut hem.",Oversized Fit T-shirt,999.0,1171448001
InStock,H&M,Khaki green,"T-shirt in soft slub cotton jersey with a slightly wider neckline, a seam centre back and raw, roll edges around the neckline and sleeves. Slightly longer and rounded at the back.",Roll-edge T-shirt,799.0,0793104019
InStock,H&M,Cream,Short-sleeved polo shirt in soft terry with a collar and V-shaped opening at the top. Regular fit with an open chest pocket and a straight-cut hem with slits in the sides.,Regular Fit Terry polo shirt,1499.0,1064274008
InStock,H&M,Dark blue/Flower,"Relaxed-fit T-shirt in soft cotton jersey with a round, rib-trimmed neckline, dropped shoulders, a straight-cut hem and an open chest pocket that has an embroidered text motif.",Relaxed Fit Embroidery-detail T-shirt,1299.0,1147164005
InStock,H&M,Black,"Long, round-necked T-shirt in soft jersey with a curved hem.",T-shirt Long Fit,699.0,0598755001
InStock,H&M,Black,"Running top in DryMove™ functional fabric that helps to wick away moisture from your skin, keeping you comfortably dry while you move. Regular fit with a round neckline, short sleeves in a raglan cut to minimise chafing, and a slit at each side of the hem. Reflective details on the sleeves and back.",DryMove™ Running top,1299.0,1025399001
InStock,H&M,Grey/Patterned,"Running top in DryMove™ functional mesh fabric that helps to wick away moisture from your skin, keeping you comfortably dry while you move. Regular fit with a round neckline, short raglan sleeves and reflective print motifs on the front, sleeves and back.",DryMove™ Running top,1499.0,1154822004
InStock,H&M,Cream,"Slim-fit polo shirt in a fine-knit cotton and mulberry silk blend with a ribbed collar, button placket and short sleeves with ribbed trims.",Slim Fit Silk-blend polo shirt,2999.0,0936065010
InStock,H&M,White/Jaws,"Sleeveless vest top in printed cotton jersey with deep, raw-edge armholes and slits in the sides of the hem.",Printed vest top,999.0,0767109023
InStock,H&M,White/Light green striped,Regular-fit vest tops in stretch cotton jersey.,2-pack Regular Fit vest tops,999.0,0649098026
InStock,H&M,Green/White striped,"Slim-fit, round-necked T-shirt in soft jersey.",Slim Fit Round-necked T-shirt,699.0,0570002152
InStock,H&M,Dark blue,"Regular-fit polo shirt in textured-knit cotton with a collar, button placket, short sleeves and a straight hem.",Regular Fit Polo shirt,2299.0,1148164006
InStock,H&M,Pistachio green,"Round-necked T-shirt in soft jersey made from COOLMAX® functional fabric, a unique, soft, comfortable and fast-drying polyester fibre that efficiently wicks moisture while regulating temperature. Relaxed fit with dropped shoulders.",COOLMAX® Relaxed Fit T-shirt,1299.0,0948441014
InStock,H&M,Light beige,"Regular-fit T-shirt in soft cotton jersey with a round, rib-trimmed neckline and a straight-cut hem.",Regular Fit T-shirt,1299.0,1101909002
InStock,H&M,Black,"Slim-fit, V-neck T-shirts in soft jersey.",3-pack Slim Fit V-neck T-shirts,1999.0,0542533002
InStock,H&M,Light grey/Dark blue,"Polo shirts in cotton piqué with a ribbed collar and button placket. Short sleeves with ribbed trims, and a straight-cut hem with slits in the sides.",3-pack Regular Fit Polo shirts,2299.0,0961943011
InStock,H&M,White,"Long, round-necked T-shirt in soft jersey with a curved hem.",T-shirt Long Fit,699.0,0598755002
InStock,H&M,Black,"Sports vest top in DryMove™ functional fabric that helps to wick away moisture from your skin, keeping you comfortably dry while you move. Round neckline and a mesh section at the back for increased ventilation. Straight-cut hem with a small slit at each side. Muscle fit to create a flattering silhouette.",DryMove™ Sports vest top,1499.0,1168491001
InStock,H&M,Green,"Oversized T-shirt in soft cotton jersey with a rib-trimmed neckline, dropped shoulders and a straight-cut hem.",Oversized Fit T-shirt,999.0,1171448002
InStock,H&M,Green/Blue,Regular-fit vest tops in stretch cotton jersey.,2-pack Regular Fit vest tops,999.0,0649098027
InStock,H&M,Navy blue,Short-sleeved top in fast-drying functional fabric designed to help keep you dry and cool while exercising. Round neckline and a rounded hem. Longer at the back for a better fit and increased mobility.,Loose Fit Sports top,1499.0,0948855020
InStock,H&M,Green/Striped,Slim-fit T-shirts in soft jersey with a round neckline.,3-pack Slim Fit T-shirts,1999.0,0578630055
InStock,H&M,White,"T-shirt in soft slub cotton jersey with a slightly wider neckline, a seam centre back and raw, roll edges around the neckline and sleeves. Slightly longer and rounded at the back.",Roll-edge T-shirt,799.0,0793104001
InStock,H&M,Yellow,"Polo shirt in cotton piqué with a ribbed collar, button placket, short sleeves with ribbed trims, and a straight-cut hem with a slit at each side.",Slim Fit Cotton polo shirt,1299.0,1130226010
InStock,H&M,Blue/Striped,Slim-fit T-shirts in soft jersey with a round neckline.,3-pack Slim Fit T-shirts,1999.0,0578630062
InStock,H&M,Black,"Regular-fit, V-neck T-shirt in soft cotton jersey.",Regular Fit V-neck T-shirt,499.0,0763275002
InStock,H&M,Pistachio green,"Slim-fit polo shirt in textured-knit cotton with a collar, short sleeves and a zip at the top. Fine rib-knit around the cuffs and hem.",Slim Fit Zip-top polo shirt,2299.0,1142559003
InStock,H&M,Purple,"Regular-fit polo shirt in textured-knit cotton with a collar, button placket, short sleeves and a straight hem.",Regular Fit Polo shirt,2299.0,1148164007
InStock,H&M,Orange,"Regular-fit T-shirt in soft cotton jersey with a round, rib-trimmed neckline and a straight-cut hem.",Regular Fit T-shirt,399.0,1195979003
InStock,H&M,Sage green,"Slim-fit polo shirt in a fine-knit cotton and mulberry silk blend with a ribbed collar, button placket and short sleeves with ribbed trims.",Slim Fit Silk-blend polo shirt,2999.0,0936065011
InStock,H&M,Turquoise,Slim-fit T-shirt in soft pima cotton jersey. Round neckline with a finely-ribbed trim and a straight-cut hem.,Slim Fit Pima cotton T-shirt,1499.0,1101074021
InStock,H&M,Navy blue,"Slim-fit polo shirt in a fine-knit cotton and mulberry silk blend with a ribbed collar, button placket and short sleeves with ribbed trims.",Slim Fit Silk-blend polo shirt,2999.0,0936065002
InStock,H&M,Black,Slim-fit T-shirts in soft jersey with a round neckline.,3-pack Slim Fit T-shirts,1999.0,0578630003
InStock,H&M,Grey/Cardio,"Sports T-shirt in printed DryMove™ functional fabric that helps to wick away moisture from your skin, keeping you comfortably dry while you move. Relaxed fit with a ribbed trim around the neckline and dropped shoulders.",DryMove™ Printed sports T-shirt,1299.0,1158018004
InStock,H&M,Dark brown/Striped,Relaxed-fit T-shirt in soft cotton jersey with a finely ribbed trim along the round neckline. Dropped shoulders and a straight-cut hem.,Relaxed Fit Cotton T-shirt,1299.0,1046040017
InStock,H&M,Yellow,Relaxed-fit T-shirt in heavy cotton jersey with a round neckline.,Relaxed Fit T-shirt,799.0,0608945086
InStock,H&M,Brown,Slim-fit T-shirt in soft pima cotton jersey. Round neckline with a finely-ribbed trim and a straight-cut hem.,Slim Fit Pima cotton T-shirt,1499.0,1101074025
InStock,H&M,Dark green/Light blue/Yellow,Vest tops in stretch cotton jersey. Regular Fit.,5-pack vest tops Regular Fit,2299.0,0863626011
InStock,H&M,Black,"T-shirt in soft slub cotton jersey with a slightly wider neckline, a seam centre back and raw, roll edges around the neckline and sleeves. Slightly longer and rounded at the back.",Roll-edge T-shirt,799.0,0793104002
InStock,H&M,Pink/Purple/Light blue,Vest tops in stretch cotton jersey. Regular Fit.,5-pack vest tops Regular Fit,2299.0,0863626010
InStock,H&M,Light purple/White,Slim-fit T-shirts in soft jersey with a round neckline.,3-pack Slim Fit T-shirts,1999.0,0578630059
InStock,H&M,Purple/Light beige,"Long, round-necked T-shirts in soft cotton jersey with ribbing around the neckline. Straight, relaxed fit with a curved hem.",2-pack Long Fit T-shirts,1399.0,0945202012
InStock,H&M,Black,Top in soft jersey made from a cotton blend. Slim fit with a round neckline and long sleeves.,Slim Fit Jersey top,799.0,0569984001
InStock,H&M,White,"Regular-fit T-shirts in soft cotton jersey with a round, rib-trimmed neckline and a straight hem.",3-pack Regular Fit Round-neck T-shirts,1499.0,0945531001
InStock,H&M,Black/Disney100,"Disney100 x H&M. In celebration of Disney's 100th anniversary, artist and former professional snowboarder Trevor Andrew has created this streetwear-inspired collection featuring new takes on some of the studio's most beloved characters. This long-sleeved polo shirt is made from a soft jacquard knit with a print motif on the chest. Regular fit with a collar, button placket and a straight hem with a slit at each side.",Regular Fit Jacquard-knit polo shirt,2299.0,1176574001
InStock,H&M,Navy blue,Short-sleeved polo shirt in soft terry with a collar and V-shaped opening at the top. Regular fit with an open chest pocket and a straight-cut hem with slits in the sides.,Regular Fit Terry polo shirt,1499.0,1064274002
InStock,H&M,White,Regular-fit vest tops in stretch cotton jersey.,2-pack Regular Fit vest tops,999.0,0649098002
InStock,H&M,Brown,"Oversized T-shirt in heavy cotton jersey with a round, rib-trimmed neckline, dropped shoulders and a straight-cut hem.",Oversized Fit Cotton T-shirt,1299.0,1035207027
InStock,H&M,Black,"Short-sleeved polo shirt in soft cotton jersey. Relaxed fit with a collar, small V-shaped opening at the top and a straight-cut hem with a slit at each side.",Relaxed Fit Cotton polo shirt,1499.0,1130237004
InStock,H&M,Black,"Slim-fit, round-necked T-shirt in soft jersey.",Slim Fit Round-necked T-shirt,699.0,0570002001
InStock,H&M,White,"Slim-fit polo shirt in soft cotton jersey with a collar, button placket and short sleeves.",Slim Fit Polo shirt,799.0,0956343002
InStock,H&M,Dark turquoise/Never Better,"Regular-fit T-shirt in soft cotton jersey with a print motif, round, rib-trimmed neckline and a straight-cut hem.",Regular Fit Printed T-shirt,699.0,0684021188
InStock,H&M,Light purple,"Relaxed-fit T-shirt in soft cotton jersey with a round, rib-trimmed neckline, dropped shoulders and a straight-cut hem.",Relaxed Fit T-shirt,799.0,1195984002
InStock,H&M,Brown/White striped,"Regular-fit polo shirt in a soft, fine-knit cotton blend with a collar, small V-shaped opening at the top and shortsleeves. Fine ribbing at the cuffs and hem.",Regular Fit Fine-knit cotton polo shirt,2299.0,1136919002
InStock,H&M,Light beige,"Relaxed-fit, straight-cut T-shirt in soft cotton jersey with a round, rib-trimmed neckline and dropped shoulders.",Relaxed Fit T-shirt,699.0,1003662012
InStock,H&M,White/Sit Back And Relax,"T-shirt in soft cotton jersey with a print motif on the front. Relaxed fit with a round, rib-trimmed neckline and dropped shoulders.",Relaxed Fit Printed T-shirt,1299.0,1034065058
InStock,H&M,Black/Wednesday,"Polo shirt in a soft knit with an embroidered motif on the chest and an print text motif on the back. Regular fit with a collar, button placket and long sleeves.",Regular Fit Long-sleeved polo shirt,2299.0,1195461001
InStock,H&M,Navy blue/Light blue/Beige,Slim-fit T-shirts in soft jersey with a round neckline.,3-pack Slim Fit T-shirts,1999.0,0578630058
InStock,H&M,Black/Yellow/White,"Relaxed-fit T-shirts in soft cotton jersey with a round, rib-trimmed neckline, dropped shoulders and a straight-cut hem.",3-pack Relaxed Fit T-shirts,1999.0,1161177001
InStock,H&M,Blue,Relaxed-fit T-shirt in heavy cotton jersey with a round neckline.,Relaxed Fit T-shirt,799.0,0608945085
InStock,H&M,Light purple,"Regular-fit T-shirt in soft cotton jersey with a round, rib-trimmed neckline and a straight-cut hem.",Regular Fit T-shirt,399.0,1195979002
InStock,H&M,Red/White striped,Relaxed-fit T-shirt in soft cotton jersey with a finely ribbed trim along the round neckline. Dropped shoulders and a straight-cut hem.,Relaxed Fit Cotton T-shirt,1299.0,1046040018
InStock,H&M,Blue/Beige/Gren,"Slim-fit, V-neck T-shirts in cotton jersey.",5-pack Slim Fit T-shirts,2699.0,0945059018
InStock,H&M,Grey/White/Black,"Regular-fit, round-necked tops in soft cotton jersey with long sleeves.",3-pack Regular Fit Jersey tops,2299.0,0890930012
InStock,H&M,Light purple/Flowers,"Relaxed-fit T-shirt in soft cotton jersey with a print motif. Round, rib-trimmed neckline, dropped shoulders and a straight-cut hem.",Relaxed Fit Printed T-shirt,799.0,1037255013
InStock,H&M,Dark green,"Oversized T-shirt in soft cotton jersey with a round, rib-trimmed neckline, dropped shoulders and a straight hem.",Oversized Fit Cotton T-shirt,799.0,1074658021
InStock,H&M,Dark green,Relaxed-fit T-shirt in heavy cotton jersey with a round neckline.,Relaxed Fit T-shirt,799.0,0608945087
InStock,H&M,Navy blue,"Slim-fit polo shirt in soft cotton jersey with a collar, button placket and short sleeves.",Slim Fit Polo shirt,799.0,0956343043
InStock,H&M,Light purple/Striped,"Relaxed-fit, straight-cut T-shirt in soft cotton jersey with a round, rib-trimmed neckline and dropped shoulders.",Relaxed Fit T-shirt,699.0,1003662046
InStock,H&M,Black/Disney100,"Disney100 x H&M. In celebration of Disney's 100th anniversary, artist and former professional snowboarder Trevor Andrew has created this streetwear-inspired collection featuring new takes on some of the studio's most beloved characters. This T-shirt is made from soft cotton jersey and have motifs on the front and back. Loose fit with a round, rib-trimmed neckline, dropped shoulders and a straight-cut hem.",Loose Fit T-shirt,1499.0,1176573001
InStock,H&M,Blue,Regular-fit top in soft cotton jersey with a round neckline and long sleeves.,Regular Fit Jersey top,799.0,1029317024
InStock,H&M,Light blue,Vest top in ribbed jersey made from a cotton blend.,Ribbed vest top,599.0,0881698012
InStock,H&M,Greige,Top in waffled jersey made from a cotton blend with a round neckline and long sleeves.,Jersey top Slim Fit,1299.0,0795243025
InStock,H&M,White/Grey marl/Steel blue,"Regular-fit T-shirts in soft cotton jersey with a round, rib-trimmed neckline and a straight hem.",3-pack Regular Fit Round-neck T-shirts,1499.0,0945531023
InStock,H&M,Dark khaki green/Light beige,"Regular-fit, round-necked tops in soft cotton jersey with long sleeves.",3-pack Regular Fit Jersey tops,2299.0,0890930015
InStock,H&M,White/X-Men,"Oversized T-shirt in soft cotton jersey with a print motif. Rib-trimmed neckline, dropped shoulders and a straight-cut hem.",Oversized Fit T-shirt,1499.0,1159823019
InStock,H&M,Dark blue,"Regular-fit polo shirt in cotton piqué with a ribbed collar, button placket, short sleeves with ribbed trims, and slits in the sides.",Regular Fit Cotton polo shirt,799.0,0816759050
InStock,H&M,Pink,Short-sleeved polo shirt in a fine-knit linen blend with a collar and a V-shaped opening at the top. Regular fit with an open chest pocket and a straight hem with a slit at each side.,Regular Fit Linen-blend polo shirt,2299.0,1182406002
InStock,H&M,Blue/Peace symbol,"Loose-fit T-shirt in soft jersey with a print motif on the front and back. Rib-trimmed neckline and a straight-cut hem. The T-shirt incorporates COOLMAX® functional fabric, a unique, soft, comfortable and fast-drying polyester fibre that efficiently wicks moisture while regulating temperature.",COOLMAX® Loose Fit T-shirt,1499.0,1195471001
InStock,H&M,Black/White,Vest tops in stretch cotton jersey. Regular Fit.,5-pack vest tops Regular Fit,2299.0,0863626009
InStock,H&M,Cream,Short-sleeved polo shirt in a fine-knit linen blend with a collar and a V-shaped opening at the top. Regular fit with an open chest pocket and a straight hem with a slit at each side.,Regular Fit Linen-blend polo shirt,2299.0,1182406001
InStock,H&M,White,Regular-fit top in soft cotton jersey with a round neckline and long sleeves.,Regular Fit Jersey top,799.0,1029317002
InStock,H&M,Cream,"Slim-fit polo shirt in waffled jersey made from a cotton blend. Ribbed collar, a button placket, short sleeves and a straight-cut hem with a small slit at each side.",Slim Fit Waffled polo shirt,1499.0,1171307001
InStock,H&M,Black/New York City 83,"Oversized t-shirt in printed mesh with a V-neck, dropped shoulders and a straight-cut hem.",Oversized Fit Printed mesh T-shirt,1499.0,1140854005
InStock,H&M,White,"Relaxed-fit, straight-cut T-shirt in soft cotton jersey with a round, rib-trimmed neckline and dropped shoulders.",Relaxed Fit T-shirt,699.0,1003662001
InStock,H&M,Green,"Regular-fit T-shirt in soft cotton jersey with a round, rib-trimmed neckline and a straight hem.",Regular Fit Round-neck T-shirt,399.0,0685816182
InStock,H&M,Brown,"Regular-fit T-shirt in soft cotton jersey with a round, rib-trimmed neckline and a straight hem.",Regular Fit Round-neck T-shirt,399.0,0685816184
InStock,H&M,Black,"Slim-fit polo shirt in waffled jersey made from a cotton blend. Ribbed collar, a button placket, short sleeves and a straight-cut hem with a small slit at each side.",Slim Fit Waffled polo shirt,1499.0,1171307003
InStock,H&M,Light blue/Strada,"Regular-fit T-shirt in soft cotton jersey with a print motif on the front, a round, rib-trimmed neckline and a straight-cut hem.",Regular Fit Printed T-shirt,699.0,1195400002
InStock,H&M,Light blue/Rick and Morty,T-shirt in soft cotton jersey with a round neckline and a print motif on the front.,Regular Fit T-shirt,799.0,0973277043
InStock,H&M,Light yellow,"Regular-fit T-shirt in soft cotton jersey with a round, rib-trimmed neckline and a straight hem.",Regular Fit Round-neck T-shirt,399.0,0685816183
InStock,H&M,White/Disney100,"Disney100 x H&M. In celebration of Disney's 100th anniversary, artist and former professional snowboarder Trevor Andrew has created this streetwear-inspired collection featuring new takes on some of the studio's most beloved characters. This T-shirt is made from soft cotton jersey and have motifs on the front and back. Loose fit with a round, rib-trimmed neckline, dropped shoulders and a straight-cut hem.",Loose Fit T-shirt,1499.0,1176573003
InStock,H&M,Dark green/Brown,Slim-fit T-shirts in soft cotton jersey with a round neckline.,5-pack Slim Fit T-shirts,2999.0,0624684022
InStock,H&M,Beige/Greige/Brown,"Regular-fit T-shirts in soft cotton jersey with a round, rib-trimmed neckline and a straight hem.",3-pack Regular Fit Round-neck T-shirts,1499.0,0945531040
InStock,H&M,Beige/Snoopy,"Long-sleeved top in soft, printed cotton jersey. Relaxed fit with dropped shoulders and ribbing around the neckline and cuffs.",Relaxed Fit Printed jersey top,1499.0,0992557035
InStock,H&M,Orange/Strada,"T-shirt in soft cotton jersey with a print motif on the front. Relaxed fit with a round, rib-trimmed neckline and dropped shoulders.",Relaxed Fit Printed T-shirt,1299.0,1034065065
InStock,H&M,Purple,"Oversized T-shirt in soft cotton jersey with a rib-trimmed neckline, dropped shoulders and a straight-cut hem.",Oversized Fit T-shirt,999.0,1171448003
InStock,H&M,Blue,"Regular-fit T-shirt in soft cotton jersey with a round, rib-trimmed neckline and a straight-cut hem.",Regular Fit T-shirt,399.0,1195979001
InStock,H&M,Black,"Regular-fit T-shirts in soft cotton jersey with a round, rib-trimmed neckline and a straight hem.",3-pack Regular Fit Round-neck T-shirts,1499.0,0945531012
InStock,H&M,Blue,"Relaxed-fit T-shirt in soft cotton jersey with a round, rib-trimmed neckline, dropped shoulders and a straight-cut hem.",Relaxed Fit T-shirt,799.0,1195984001
InStock,H&M,White/Black,Slim-fit T-shirts in soft cotton jersey with a round neckline.,5-pack Slim Fit T-shirts,2999.0,0624684003
InStock,H&M,Black/Disney100,"Disney100 x H&M. In celebration of Disney's 100th anniversary, artist and former professional snowboarder Trevor Andrew has created this streetwear-inspired collection featuring new takes on some of the studio's most beloved characters. This T-shirt is made from soft cotton jersey and have motifs on the front and back. Loose fit with a round, rib-trimmed neckline, dropped shoulders and a straight-cut hem.",Loose Fit T-shirt,1499.0,1176573002
InStock,H&M,Beige/Yellow,"Regular-fit T-shirts in soft cotton jersey with a round, rib-trimmed neckline and a straight hem.",3-pack Regular Fit Round-neck T-shirts,1499.0,0945531035
InStock,H&M,Dark brown,"Regular-fit polo shirt in cotton piqué with a ribbed collar, button placket and short sleeves with ribbed trims.",Regular Fit Piqué polo shirt,1499.0,1144078005
InStock,H&M,Beige/Khaki green,Slim-fit T-shirts in soft cotton jersey with a round neckline.,5-pack Slim Fit T-shirts,2999.0,0624684027
InStock,H&M,White/Snoopy,T-shirt in soft cotton jersey with a round neckline and a print motif on the front.,Regular Fit T-shirt,799.0,0973277045
InStock,H&M,Blue,"Regular-fit T-shirt in soft cotton jersey with a round, rib-trimmed neckline and a straight hem.",Regular Fit Round-neck T-shirt,399.0,0685816206
InStock,H&M,Neon yellow/SpongeBob,T-shirt in soft cotton jersey with a round neckline and a print motif on the front.,Regular Fit T-shirt,799.0,0973277038
InStock,H&M,White/Black,"Long, round-necked T-shirts in soft cotton jersey with ribbing around the neckline. Straight, relaxed fit with a curved hem.",2-pack Long Fit T-shirts,1399.0,0945202001
InStock,H&M,Beige,Relaxed-fit T-shirt in heavy cotton jersey with a round neckline.,Relaxed Fit T-shirt,799.0,0608945084
InStock,H&M,Black,Top in waffled jersey made from a cotton blend with a round neckline and long sleeves.,Jersey top Slim Fit,1299.0,0795243001
InStock,H&M,Black/New York,"T-shirt in soft cotton jersey with a print motif on the front. Relaxed fit with a round, rib-trimmed neckline and dropped shoulders.",Relaxed Fit Printed T-shirt,1299.0,1034065073
InStock,H&M,Dark blue,"Regular-fit T-shirt in soft cotton jersey with a round, rib-trimmed neckline and a straight hem.",Regular Fit Round-neck T-shirt,399.0,0685816078
InStock,H&M,Grey/Atlanta,"T-shirt in soft cotton jersey with a print motif on the front. Relaxed fit with a round, rib-trimmed neckline and dropped shoulders.",Relaxed Fit Printed T-shirt,1299.0,1034065064
InStock,H&M,Blue,"Slim-fit polo shirt in soft cotton jersey with a collar, button placket and short sleeves.",Slim Fit Polo shirt,799.0,0956343035
InStock,H&M,Light blue,"Regular-fit T-shirt in soft cotton jersey with a round, rib-trimmed neckline and a straight hem.",Regular Fit Round-neck T-shirt,399.0,0685816194
InStock,H&M,Black/New York,"Oversized t-shirt in printed mesh with a V-neck, dropped shoulders and a straight-cut hem.",Oversized Fit Printed mesh T-shirt,1499.0,1140854004
InStock,H&M,Black/Yale University,"Polo shirt in soft cotton jersey with printed and embroidered motifs. Relaxed fit with a ribbed collar, concealed button placket and short sleeves with ribbed trims. Straight-cut hem with a small slit at each side.",Relaxed Fit Motif-detail polo shirt,1999.0,1167182002
InStock,H&M,Grey/Beige/Green,Slim-fit T-shirts in soft cotton jersey with a round neckline.,5-pack Slim Fit T-shirts,2999.0,0624684032
InStock,H&M,White,Relaxed-fit T-shirt in heavy cotton jersey with a round neckline.,Relaxed Fit T-shirt,799.0,0608945001
InStock,H&M,Dark brown/Flowers,"Relaxed-fit T-shirt in soft cotton jersey with a print motif. Round, rib-trimmed neckline, dropped shoulders and a straight-cut hem.",Relaxed Fit Printed T-shirt,799.0,1037255012
InStock,H&M,Dark green,"Slim-fit polo shirt in soft cotton jersey with a collar, button placket and short sleeves.",Slim Fit Polo shirt,799.0,0956343036
InStock,H&M,Pistachio green,"Regular-fit T-shirt in soft cotton jersey with a round, rib-trimmed neckline and a straight hem.",Regular Fit Round-neck T-shirt,399.0,0685816181
InStock,H&M,White/Jaws,"Oversized T-shirt in soft cotton jersey with a print motif. Rib-trimmed neckline, dropped shoulders and a straight-cut hem.",Oversized Fit T-shirt,1499.0,1159823018
InStock,H&M,Khaki green,"Regular-fit T-shirt in soft cotton jersey with a round, rib-trimmed neckline and a straight hem.",Regular Fit Round-neck T-shirt,399.0,0685816204
InStock,H&M,Turquoise,"Regular-fit T-shirts in soft cotton jersey with a round, rib-trimmed neckline and a straight hem.",3-pack Regular Fit Round-neck T-shirts,1499.0,0945531033
InStock,H&M,White,Vest top in ribbed jersey made from a cotton blend.,Ribbed vest top,599.0,0881698001
InStock,H&M,White/Plant based,"T-shirt in soft cotton jersey with a print motif on the front. Relaxed fit with a round, rib-trimmed neckline and dropped shoulders.",Relaxed Fit Printed T-shirt,1299.0,1034065070
InStock,H&M,Brown,Short-sleeved polo shirt in soft cotton jersey with a collar and a V-shaped opening at the top. Relaxed fit with dropped shoulders and a straight-cut hem with a slit at each side.,Relaxed Fit Polo shirt,1499.0,1192918002
InStock,H&M,Beige/Kodak,"T-shirt in soft, printed cotton jersey. Relaxed fit with dropped shoulders and a round neckline with a narrow trim.",Relaxed Fit T-shirt,1299.0,0972640063
InStock,H&M,Black,Vest top in ribbed jersey made from a cotton blend.,Ribbed vest top,599.0,0881698002
InStock,H&M,Grey marl,"Regular-fit T-shirt in soft cotton jersey with a round, rib-trimmed neckline and a straight hem.",Regular Fit Round-neck T-shirt,399.0,0685816053
InStock,H&M,Black,Relaxed-fit T-shirt in heavy cotton jersey with a round neckline.,Relaxed Fit T-shirt,799.0,0608945008
InStock,H&M,White/Sunshine,"Relaxed-fit T-shirt in soft cotton jersey with a print motif, round, rib-trimmed neckline, dropped shoulders and a straight-cut hem.",Relaxed Fit Printed T-shirt,799.0,1032522082
InStock,H&M,Light blue/Explora Un Mundo,"Relaxed-fit T-shirt in soft cotton jersey with a print motif, round, rib-trimmed neckline, dropped shoulders and a straight-cut hem.",Relaxed Fit Printed T-shirt,799.0,1032522073
InStock,H&M,Green/Blue/Yellow,"Regular-fit T-shirts in soft cotton jersey with a round, rib-trimmed neckline and a straight hem.",10-pack Regular Fit Round-neck T-shirts,4999.0,0975620011
InStock,H&M,Black/Nirvana,T-shirt in soft cotton jersey with a round neckline and a print motif on the front.,Regular Fit T-shirt,799.0,0973277044
InStock,H&M,Dark green,"Regular-fit T-shirt in soft cotton jersey with a round, rib-trimmed neckline and a straight hem.",Regular Fit Round-neck T-shirt,399.0,0685816211
InStock,H&M,Turquoise,"Regular-fit T-shirt in soft cotton jersey with a round, rib-trimmed neckline and a straight hem.",Regular Fit Round-neck T-shirt,399.0,0685816200
InStock,H&M,Dark blue,"Regular-fit T-shirt in soft cotton jersey with a round, rib-trimmed neckline and a straight hem.",Regular Fit Round-neck T-shirt,399.0,0685816185
InStock,H&M,Purple,"Regular-fit T-shirt in soft cotton jersey with a round, rib-trimmed neckline and a straight hem.",Regular Fit Round-neck T-shirt,399.0,0685816179
InStock,H&M,White,Regular-fit polo shirt in soft cotton jersey with a collar and a V-shaped opening at the top. Long sleeves and a straight-cut hem with a slit at each side.,Regular Fit Long-sleeved polo shirt,1999.0,1185908002
InStock,H&M,Beige/Flowers,"Relaxed-fit T-shirt in soft cotton jersey with a print motif. Rib-trimmed neckline, dropped shoulders and a straight-cut hem.",Relaxed Fit Printed T-shirt,799.0,1154188010
InStock,H&M,White/Landscape,"Relaxed-fit T-shirt in soft cotton jersey with a print motif. Round, rib-trimmed neckline, dropped shoulders and a straight-cut hem.",Relaxed Fit Printed T-shirt,799.0,1037255014
InStock,H&M,White/Beige/Black,"Polo shirts in cotton piqué with a ribbed collar and button placket. Short sleeves with ribbed trims, and a straight-cut hem with slits in the sides.",3-pack Regular Fit Polo shirts,2299.0,0961943020
InStock,H&M,White/Navy blue,"Polo shirts in cotton piqué with a ribbed collar and button placket. Short sleeves with ribbed trims, and a straight-cut hem with slits in the sides.",3-pack Regular Fit Polo shirts,2299.0,0961943018
InStock,H&M,Black,"Slim-fit polo shirt in fine-knit cotton with a collar, zip at the top and long sleeves.",Slim Fit Zip-top polo shirt,2699.0,1169603001
InStock,H&M,Beige/Natureconnect,"Relaxed-fit T-shirt in soft cotton jersey with a print motif, round, rib-trimmed neckline, dropped shoulders and a straight-cut hem.",Relaxed Fit Printed T-shirt,799.0,1032522097
InStock,H&M,Black,"Regular-fit T-shirt in soft cotton jersey with a round, rib-trimmed neckline and a straight hem.",Regular Fit Round-neck T-shirt,399.0,0685816002
InStock,H&M,White/Beverly Hills,"Relaxed-fit T-shirt in soft cotton jersey with a print motif, round, rib-trimmed neckline, dropped shoulders and a straight-cut hem.",Relaxed Fit Printed T-shirt,799.0,0967955068
InStock,H&M,Black,Regular-fit polo shirt in soft cotton jersey with a collar and a V-shaped opening at the top. Long sleeves and a straight-cut hem with a slit at each side.,Regular Fit Long-sleeved polo shirt,1999.0,1185908001
InStock,H&M,Light blue/Clear Vision,"T-shirt in soft cotton jersey with a print motif on the front. Relaxed fit with a round, rib-trimmed neckline and dropped shoulders.",Relaxed Fit Printed T-shirt,1299.0,1034065061
InStock,H&M,Black,"Oversized T-shirt in soft cotton jersey with a round, rib-trimmed neckline, dropped shoulders and a straight hem.",Oversized Fit Cotton T-shirt,799.0,1074658001
InStock,H&M,Black/Formula 1,T-shirt in soft cotton jersey with a round neckline and a print motif on the front.,Regular Fit T-shirt,799.0,0973277052
InStock,H&M,Black,Slim-fit T-shirt in soft pima cotton jersey. Round neckline with a finely-ribbed trim and a straight-cut hem.,Slim Fit Pima cotton T-shirt,1499.0,1101074002
InStock,H&M,Light brown,"Slim-fit polo shirt in fine-knit cotton with a collar, zip at the top and long sleeves.",Slim Fit Zip-top polo shirt,2699.0,1169603002
InStock,H&M,Dark green,Slim-fit T-shirt in soft pima cotton jersey. Round neckline with a finely-ribbed trim and a straight-cut hem.,Slim Fit Pima cotton T-shirt,1499.0,1101074019
InStock,H&M,Light beige,"Oversized T-shirt in heavy cotton jersey with a round, rib-trimmed neckline, dropped shoulders and a straight-cut hem.",Oversized Fit Cotton T-shirt,1299.0,1035207026
InStock,H&M,Beige/Harlem,"Regular-fit T-shirt in soft cotton jersey with a print motif on the front, a round, rib-trimmed neckline and a straight-cut hem.",Regular Fit Printed T-shirt,699.0,1195400001
InStock,H&M,Dark brown,"Polo shirt in cotton piqué with a ribbed collar, button placket, short sleeves with ribbed trims, and a straight-cut hem with a slit at each side.",Slim Fit Cotton polo shirt,1299.0,1130226009
InStock,H&M,Black/Clouds,"Relaxed-fit T-shirt in soft cotton jersey with a print motif. Rib-trimmed neckline, dropped shoulders and a straight-cut hem.",Relaxed Fit Printed T-shirt,799.0,1154188008
InStock,H&M,Cream/Stones,"Loose-fit T-shirt in soft jersey with a print motif on the front and back. Rib-trimmed neckline and a straight-cut hem. The T-shirt incorporates COOLMAX® functional fabric, a unique, soft, comfortable and fast-drying polyester fibre that efficiently wicks moisture while regulating temperature.",COOLMAX® Loose Fit T-shirt,1499.0,1195471002
InStock,H&M,Green/Flowers,"Relaxed-fit T-shirt in soft cotton jersey with a print motif, round, rib-trimmed neckline, dropped shoulders and a straight-cut hem.",Relaxed Fit Printed T-shirt,799.0,1032522080
InStock,H&M,Brown/285,"Regular-fit T-shirt in soft cotton jersey with a print motif, round, rib-trimmed neckline and a straight-cut hem.",Regular Fit Printed T-shirt,699.0,0684021203
InStock,H&M,Light beige,"Regular-fit T-shirt in soft cotton jersey with a round, rib-trimmed neckline and a straight hem.",Regular Fit Round-neck T-shirt,399.0,0685816178
InStock,H&M,Dark grey,"Regular-fit T-shirt in soft cotton jersey with a round, rib-trimmed neckline and a straight hem.",Regular Fit Round-neck T-shirt,399.0,0685816177
InStock,H&M,Blue/Striped,"Top in soft cotton jersey with a round, rib-trimmed neckline, Relaxed fit with dropped shoulders, long sleeves and wide ribbing at the cuffs.",Relaxed Fit Jersey top,1499.0,1021953015
InStock,H&M,Black/Car,"Relaxed-fit T-shirt in soft cotton jersey with a print motif, round, rib-trimmed neckline, dropped shoulders and a straight-cut hem.",Relaxed Fit Printed T-shirt,799.0,1032522096
